<?xml version="1.0" encoding="UTF-8"?><idempiere Name="AD_Package_Exp" Version="1.0.0" idempiereVersion="N" DataBaseVersion="2014-10-31" Description="" Author="System" AuthorEmail="system @ idempiere.com" CreatedDate="Wed Jun 10 15:03:38 CEST 2015" UpdatedDate="Wed Jun 10 15:03:38 CEST 2015" PackOutVersion="100" UpdateDictionary="true" Client="0-SYSTEM-System" AD_Client_UU="11237b53-9592-4af1-b3c5-afd216514b5d">
    <AD_Package_Exp type="table">
        <AD_Client_ID>0</AD_Client_ID>
        <AD_Org_ID>0</AD_Org_ID>
        <AD_Package_Type>X</AD_Package_Type>
        <EMail/>
        <Instructions/>
        <Name>Condition plugin</Name>
        <Processed>N</Processed>
        <ReleaseNo/>
        <Version/>
        <UserName/>
        <Processing>N</Processing>
        <PK_Version>1.0</PK_Version>
        <IsActive>Y</IsActive>
        <File_Directory/>
        <Description/>
        <AD_Package_Exp_UU>6e924743-4461-49ca-b65f-5b19054d8be0</AD_Package_Exp_UU>
        <DateFrom/>
        <IsExportDictionaryEntity>N</IsExportDictionaryEntity>
        <AD_Package_Exp_Detail type="table">
            <AD_Client_ID>0</AD_Client_ID>
            <AD_Org_ID>0</AD_Org_ID>
            <AD_Form_ID reference="id"/>
            <AD_ImpFormat_ID reference="id"/>
            <AD_Menu_ID reference="id"/>
            <AD_Process_ID reference="id"/>
            <AD_Role_ID reference="id">0</AD_Role_ID>
            <AD_Window_ID reference="id"/>
            <AD_Workflow_ID reference="id"/>
            <IsActive>Y</IsActive>
            <File_Directory/>
            <FileName/>
            <Destination_FileName/>
            <Destination_Directory/>
            <Description/>
            <DBType>ALL</DBType>
            <Type>ET</Type>
            <Target_Directory/>
            <SQLStatement/>
            <ReleaseNo/>
            <Processing>N</Processing>
            <Processed>N</Processed>
            <Name2/>
            <Line>10</Line>
            <AD_Workbench_ID reference="id"/>
            <AD_Table_ID reference="id"/>
            <AD_ReportView_ID reference="id"/>
            <AD_Package_Exp_ID reference="uuid" reference-key="AD_Package_Exp">6e924743-4461-49ca-b65f-5b19054d8be0</AD_Package_Exp_ID>
            <AD_Package_Code_New/>
            <AD_Package_Code_Old/>
            <AD_Val_Rule_ID reference="id"/>
            <AD_Message_ID reference="id"/>
            <AD_PrintFormat_ID reference="id"/>
            <AD_Reference_ID reference="id"/>
            <AD_ModelValidator_ID reference="id"/>
            <AD_EntityType_ID reference="uuid" reference-key="AD_EntityType">ea7c6bae-5992-4f08-8777-c264078da40f</AD_EntityType_ID>
            <AD_Package_Exp_Detail_UU>24c34790-0028-4539-8439-700f7087fc1a</AD_Package_Exp_Detail_UU>
        </AD_Package_Exp_Detail>
        <AD_Package_Exp_Detail type="table">
            <AD_Client_ID>0</AD_Client_ID>
            <AD_Org_ID>0</AD_Org_ID>
            <AD_Form_ID reference="id"/>
            <AD_ImpFormat_ID reference="id"/>
            <AD_Menu_ID reference="id"/>
            <AD_Process_ID reference="uuid" reference-key="AD_Process">34ad0307-1c13-47f5-a268-b7d5112103d3</AD_Process_ID>
            <AD_Role_ID reference="id">0</AD_Role_ID>
            <AD_Window_ID reference="id"/>
            <AD_Workflow_ID reference="id"/>
            <IsActive>Y</IsActive>
            <File_Directory/>
            <FileName/>
            <Destination_FileName/>
            <Destination_Directory/>
            <Description/>
            <DBType>ALL</DBType>
            <Type>P</Type>
            <Target_Directory/>
            <SQLStatement/>
            <ReleaseNo/>
            <Processing>N</Processing>
            <Processed>N</Processed>
            <Name2/>
            <Line>20</Line>
            <AD_Workbench_ID reference="id"/>
            <AD_Table_ID reference="id"/>
            <AD_ReportView_ID reference="id"/>
            <AD_Package_Exp_ID reference="uuid" reference-key="AD_Package_Exp">6e924743-4461-49ca-b65f-5b19054d8be0</AD_Package_Exp_ID>
            <AD_Package_Code_New/>
            <AD_Package_Code_Old/>
            <AD_Val_Rule_ID reference="id"/>
            <AD_Message_ID reference="id"/>
            <AD_PrintFormat_ID reference="id"/>
            <AD_Reference_ID reference="id"/>
            <AD_ModelValidator_ID reference="id"/>
            <AD_EntityType_ID reference="id"/>
            <AD_Package_Exp_Detail_UU>9f8ff171-66be-4e06-ba76-04cc10875cc0</AD_Package_Exp_Detail_UU>
        </AD_Package_Exp_Detail>
        <AD_Package_Exp_Detail type="table">
            <AD_Client_ID>0</AD_Client_ID>
            <AD_Org_ID>0</AD_Org_ID>
            <AD_Form_ID reference="id"/>
            <AD_ImpFormat_ID reference="id"/>
            <AD_Menu_ID reference="id"/>
            <AD_Process_ID reference="uuid" reference-key="AD_Process">8462b08c-aa40-4006-8f68-20a4790c6942</AD_Process_ID>
            <AD_Role_ID reference="id">0</AD_Role_ID>
            <AD_Window_ID reference="id"/>
            <AD_Workflow_ID reference="id"/>
            <IsActive>Y</IsActive>
            <File_Directory/>
            <FileName/>
            <Destination_FileName/>
            <Destination_Directory/>
            <Description/>
            <DBType>ALL</DBType>
            <Type>P</Type>
            <Target_Directory/>
            <SQLStatement/>
            <ReleaseNo/>
            <Processing>N</Processing>
            <Processed>N</Processed>
            <Name2/>
            <Line>30</Line>
            <AD_Workbench_ID reference="id"/>
            <AD_Table_ID reference="id"/>
            <AD_ReportView_ID reference="id"/>
            <AD_Package_Exp_ID reference="uuid" reference-key="AD_Package_Exp">6e924743-4461-49ca-b65f-5b19054d8be0</AD_Package_Exp_ID>
            <AD_Package_Code_New/>
            <AD_Package_Code_Old/>
            <AD_Val_Rule_ID reference="id"/>
            <AD_Message_ID reference="id"/>
            <AD_PrintFormat_ID reference="id"/>
            <AD_Reference_ID reference="id"/>
            <AD_ModelValidator_ID reference="id"/>
            <AD_EntityType_ID reference="id"/>
            <AD_Package_Exp_Detail_UU>4e3e95a7-ea22-49d7-9e9b-f7ec11d68495</AD_Package_Exp_Detail_UU>
        </AD_Package_Exp_Detail>
        <AD_Package_Exp_Detail type="table">
            <AD_Client_ID>0</AD_Client_ID>
            <AD_Org_ID>0</AD_Org_ID>
            <AD_Form_ID reference="id"/>
            <AD_ImpFormat_ID reference="id"/>
            <AD_Menu_ID reference="id"/>
            <AD_Process_ID reference="uuid" reference-key="AD_Process">aeda4dd0-9191-40ae-b209-183304f9b2d3</AD_Process_ID>
            <AD_Role_ID reference="id">0</AD_Role_ID>
            <AD_Window_ID reference="id"/>
            <AD_Workflow_ID reference="id"/>
            <IsActive>Y</IsActive>
            <File_Directory/>
            <FileName/>
            <Destination_FileName/>
            <Destination_Directory/>
            <Description/>
            <DBType>ALL</DBType>
            <Type>P</Type>
            <Target_Directory/>
            <SQLStatement/>
            <ReleaseNo/>
            <Processing>N</Processing>
            <Processed>N</Processed>
            <Name2/>
            <Line>40</Line>
            <AD_Workbench_ID reference="id"/>
            <AD_Table_ID reference="id"/>
            <AD_ReportView_ID reference="id"/>
            <AD_Package_Exp_ID reference="uuid" reference-key="AD_Package_Exp">6e924743-4461-49ca-b65f-5b19054d8be0</AD_Package_Exp_ID>
            <AD_Package_Code_New/>
            <AD_Package_Code_Old/>
            <AD_Val_Rule_ID reference="id"/>
            <AD_Message_ID reference="id"/>
            <AD_PrintFormat_ID reference="id"/>
            <AD_Reference_ID reference="id"/>
            <AD_ModelValidator_ID reference="id"/>
            <AD_EntityType_ID reference="id"/>
            <AD_Package_Exp_Detail_UU>dc5bfe90-c775-4ca4-b895-f5ad821d348a</AD_Package_Exp_Detail_UU>
        </AD_Package_Exp_Detail>
        <AD_Package_Exp_Detail type="table">
            <AD_Client_ID>0</AD_Client_ID>
            <AD_Org_ID>0</AD_Org_ID>
            <AD_Form_ID reference="id"/>
            <AD_ImpFormat_ID reference="id"/>
            <AD_Menu_ID reference="id"/>
            <AD_Process_ID reference="id"/>
            <AD_Role_ID reference="id">0</AD_Role_ID>
            <AD_Window_ID reference="uuid" reference-key="AD_Window">2bb888b8-7b7e-40aa-a709-5035dd37f25d</AD_Window_ID>
            <AD_Workflow_ID reference="id"/>
            <IsActive>Y</IsActive>
            <File_Directory/>
            <FileName/>
            <Destination_FileName/>
            <Destination_Directory/>
            <Description/>
            <DBType>ALL</DBType>
            <Type>W</Type>
            <Target_Directory/>
            <SQLStatement/>
            <ReleaseNo/>
            <Processing>N</Processing>
            <Processed>N</Processed>
            <Name2/>
            <Line>50</Line>
            <AD_Workbench_ID reference="id"/>
            <AD_Table_ID reference="id"/>
            <AD_ReportView_ID reference="id"/>
            <AD_Package_Exp_ID reference="uuid" reference-key="AD_Package_Exp">6e924743-4461-49ca-b65f-5b19054d8be0</AD_Package_Exp_ID>
            <AD_Package_Code_New/>
            <AD_Package_Code_Old/>
            <AD_Val_Rule_ID reference="id"/>
            <AD_Message_ID reference="id"/>
            <AD_PrintFormat_ID reference="id"/>
            <AD_Reference_ID reference="id"/>
            <AD_ModelValidator_ID reference="id"/>
            <AD_EntityType_ID reference="id"/>
            <AD_Package_Exp_Detail_UU>ab62a48f-b7b8-48fc-8ae1-dc386d84f04b</AD_Package_Exp_Detail_UU>
        </AD_Package_Exp_Detail>
        <AD_Package_Exp_Detail type="table">
            <AD_Client_ID>0</AD_Client_ID>
            <AD_Org_ID>0</AD_Org_ID>
            <AD_Form_ID reference="id"/>
            <AD_ImpFormat_ID reference="id"/>
            <AD_Menu_ID reference="id"/>
            <AD_Process_ID reference="id"/>
            <AD_Role_ID reference="id">0</AD_Role_ID>
            <AD_Window_ID reference="uuid" reference-key="AD_Window">9b846ead-56a6-4aae-b17d-241db4012d28</AD_Window_ID>
            <AD_Workflow_ID reference="id"/>
            <IsActive>Y</IsActive>
            <File_Directory/>
            <FileName/>
            <Destination_FileName/>
            <Destination_Directory/>
            <Description/>
            <DBType>ALL</DBType>
            <Type>W</Type>
            <Target_Directory/>
            <SQLStatement/>
            <ReleaseNo/>
            <Processing>N</Processing>
            <Processed>N</Processed>
            <Name2/>
            <Line>60</Line>
            <AD_Workbench_ID reference="id"/>
            <AD_Table_ID reference="id"/>
            <AD_ReportView_ID reference="id"/>
            <AD_Package_Exp_ID reference="uuid" reference-key="AD_Package_Exp">6e924743-4461-49ca-b65f-5b19054d8be0</AD_Package_Exp_ID>
            <AD_Package_Code_New/>
            <AD_Package_Code_Old/>
            <AD_Val_Rule_ID reference="id"/>
            <AD_Message_ID reference="id"/>
            <AD_PrintFormat_ID reference="id"/>
            <AD_Reference_ID reference="id"/>
            <AD_ModelValidator_ID reference="id"/>
            <AD_EntityType_ID reference="id"/>
            <AD_Package_Exp_Detail_UU>211e14af-1c35-4914-bcb0-61381702a2db</AD_Package_Exp_Detail_UU>
        </AD_Package_Exp_Detail>
        <AD_Package_Exp_Detail type="table">
            <AD_Client_ID>0</AD_Client_ID>
            <AD_Org_ID>0</AD_Org_ID>
            <AD_Form_ID reference="id"/>
            <AD_ImpFormat_ID reference="id"/>
            <AD_Menu_ID reference="id"/>
            <AD_Process_ID reference="id"/>
            <AD_Role_ID reference="id">0</AD_Role_ID>
            <AD_Window_ID reference="uuid" reference-key="AD_Window">3594fcfe-3178-47b0-99af-861fda3b8074</AD_Window_ID>
            <AD_Workflow_ID reference="id"/>
            <IsActive>Y</IsActive>
            <File_Directory/>
            <FileName/>
            <Destination_FileName/>
            <Destination_Directory/>
            <Description/>
            <DBType>ALL</DBType>
            <Type>W</Type>
            <Target_Directory/>
            <SQLStatement/>
            <ReleaseNo/>
            <Processing>N</Processing>
            <Processed>N</Processed>
            <Name2/>
            <Line>70</Line>
            <AD_Workbench_ID reference="id"/>
            <AD_Table_ID reference="id"/>
            <AD_ReportView_ID reference="id"/>
            <AD_Package_Exp_ID reference="uuid" reference-key="AD_Package_Exp">6e924743-4461-49ca-b65f-5b19054d8be0</AD_Package_Exp_ID>
            <AD_Package_Code_New/>
            <AD_Package_Code_Old/>
            <AD_Val_Rule_ID reference="id"/>
            <AD_Message_ID reference="id"/>
            <AD_PrintFormat_ID reference="id"/>
            <AD_Reference_ID reference="id"/>
            <AD_ModelValidator_ID reference="id"/>
            <AD_EntityType_ID reference="id"/>
            <AD_Package_Exp_Detail_UU>4a4acbf7-78cf-4ddd-ad81-b006eb4f2f6b</AD_Package_Exp_Detail_UU>
        </AD_Package_Exp_Detail>
    </AD_Package_Exp>
</idempiere>
